x,y,WE_sr_hum_obs_sampbias_corrected,CWE_sr_hum_obs_sampbias_corrected,richness_sr_hum_obs_sampbias_corrected,WE_perc,CWE_perc,rich_perc
130.92840019289866,-12.383631642181033,0.07949312776327133,0.07949312776327133,0.15898625552654266,FALSE,FALSE,FALSE
131.12337462632166,-12.529862467248263,0.09059092402458191,0.09059092402458191,0.18118184804916382,FALSE,FALSE,FALSE
131.02588740961016,-12.578606075604007,0.08620931953191757,0.08620931953191757,0.17241863906383514,FALSE,FALSE,FALSE
131.26960545138888,-12.578606075604007,0.09983175247907639,0.09983175247907639,0.19966350495815277,FALSE,FALSE,FALSE
143.3092767152575,-12.676093292315493,0.9485936164855957,0.9485936164855957,0.9485936164855957,TRUE,TRUE,TRUE
145.35650826619874,-16.42935113570774,0.12272495031356812,0.12272495031356812,0.24544990062713623,FALSE,TRUE,FALSE
145.60022630797744,-16.81930000255369,0.1465979665517807,0.1465979665517807,0.1465979665517807,TRUE,TRUE,FALSE
145.64896991633321,-16.81930000255369,0.13990843296051025,0.13990843296051025,0.13990843296051025,TRUE,TRUE,FALSE
145.7464571330447,-17.014274435976663,0.338289350271225,0.11276311427354813,0.4059472382068634,TRUE,FALSE,FALSE
145.84394434975616,-17.306736086111123,0.17108048498630524,0.17108048498630524,0.17108048498630524,TRUE,TRUE,FALSE
145.4052518745545,-17.599197736245586,0.12624406814575195,0.12624406814575195,0.2524881362915039,TRUE,TRUE,FALSE
145.50273909126597,-17.891659386380045,0.37056103348731995,0.37056103348731995,0.37056103348731995,TRUE,TRUE,FALSE
146.7700729085153,-19.305224028696607,0.07147733867168427,0.07147733867168427,0.14295467734336853,FALSE,FALSE,FALSE
148.52484280932205,-21.108737537859113,0.19326035678386688,0.19326035678386688,0.38652071356773376,TRUE,TRUE,FALSE
150.7183051853305,-23.009738263733112,0.10652177780866623,0.10652177780866623,0.21304355561733246,FALSE,FALSE,FALSE
148.28112476754336,-25.05696981467434,0.7061786651611328,0.7061786651611328,0.7061786651611328,TRUE,TRUE,TRUE
152.61930591120452,-26.22681641521218,0.09855332225561142,0.09855332225561142,0.19710664451122284,FALSE,FALSE,FALSE
152.61930591120452,-26.324303631923666,0.38731926679611206,0.19365963339805603,0.38731926679611206,TRUE,TRUE,FALSE
152.91176756133896,-26.762996107125357,0.19356481730937958,0.10156354308128357,0.2644612789154053,TRUE,FALSE,FALSE
152.9605111696947,-26.811739715481103,0.0666862279176712,0.0666862279176712,0.1333724558353424,FALSE,FALSE,FALSE
120.54601161312532,-26.90922693219259,0.7826433181762695,0.7826433181762695,0.7826433181762695,TRUE,TRUE,TRUE
152.66804951956027,-27.299175799038537,0.07413240522146225,0.07413240522146225,0.1482648104429245,FALSE,FALSE,FALSE
152.76553673627174,-27.299175799038537,0.39422693848609924,0.13140897452831268,0.39422693848609924,TRUE,TRUE,FALSE
152.8142803446275,-27.34791940739428,0.22740188241004944,0.13041512668132782,0.22740188241004944,TRUE,TRUE,FALSE
152.8142803446275,-27.396663015750022,0.08969759941101074,0.08415338397026062,0.1338086724281311,FALSE,FALSE,FALSE
153.20422921147343,-27.542893840817253,0.10536136478185654,0.10536136478185654,0.10536136478185654,FALSE,FALSE,FALSE
151.98563900257983,-27.591637449172996,0.07377351820468903,0.07377351820468903,0.14754703640937805,FALSE,FALSE,FALSE
152.03438261093558,-27.591637449172996,0.07377351820468903,0.07377351820468903,0.14754703640937805,FALSE,FALSE,FALSE
153.20422921147343,-27.88409909930746,0.05870429798960686,0.05870429798960686,0.11740859597921371,FALSE,FALSE,FALSE
153.10674199476193,-28.17656074944192,0.14604808390140533,0.14604808390140533,0.14604808390140533,TRUE,TRUE,FALSE
151.7906645691569,-30.077561475315914,0.145656555891037,0.145656555891037,0.291313111782074,TRUE,TRUE,FALSE
153.15548560311768,-30.12630508367166,0.09763768315315247,0.09763768315315247,0.19527536630630493,FALSE,FALSE,FALSE
150.18212549341735,-30.223792300383145,0.3538081645965576,0.3538081645965576,0.3538081645965576,TRUE,TRUE,FALSE
152.8630239529832,-30.370023125450377,0.23372405767440796,0.23372405767440796,0.23372405767440796,TRUE,TRUE,FALSE
152.42433147778155,-31.14992085914227,0.30527710914611816,0.30527710914611816,0.30527710914611816,TRUE,TRUE,FALSE
115.57416356083948,-31.344895292565244,0.09090586751699448,0.09090586751699448,0.18181173503398895,FALSE,FALSE,FALSE
116.25657407781989,-31.442382509276733,0.09931651502847672,0.09931651502847672,0.19863303005695343,FALSE,FALSE,FALSE
116.01285603604117,-31.58861333434396,0.07311868667602539,0.07311868667602539,0.14623737335205078,FALSE,FALSE,FALSE
116.06159964439692,-31.58861333434396,0.07311868667602539,0.07311868667602539,0.14623737335205078,FALSE,FALSE,FALSE
151.54694652737817,-31.783587767766935,0.3383238911628723,0.3383238911628723,0.3383238911628723,TRUE,TRUE,FALSE
116.11034325275267,-31.881074984478424,0.18915383517742157,0.09457691758871078,0.25220513343811035,TRUE,FALSE,FALSE
141.505763206095,-31.97856220118991,0.17349030077457428,0.17349030077457428,0.17349030077457428,TRUE,TRUE,FALSE
138.04496701283722,-32.51474189310309,0,0,0.3285309374332428,FALSE,FALSE,FALSE
138.04496701283722,-32.56348550145883,0,0,0.317247599363327,FALSE,FALSE,FALSE
138.04496701283722,-32.61222910981458,0,0,0.30977267026901245,FALSE,FALSE,FALSE
116.06159964439692,-32.66097271817032,0,0,0.17632080614566803,FALSE,FALSE,FALSE
116.11034325275267,-32.66097271817032,0,0,0.18442320823669434,FALSE,FALSE,FALSE
116.06159964439692,-32.70971632652606,0,0,0.18151938915252686,FALSE,FALSE,FALSE
116.11034325275267,-32.70971632652606,0,0,0.19376061856746674,FALSE,FALSE,FALSE
116.1590868611084,-32.70971632652606,0,0,0.21678443253040314,FALSE,FALSE,FALSE
116.20783046946416,-32.70971632652606,0,0,0.29270240664482117,FALSE,FALSE,FALSE
116.25657407781989,-32.70971632652606,0,0,0.4278469979763031,FALSE,FALSE,FALSE
116.11034325275267,-32.758459934881806,0,0,0.20177075266838074,FALSE,FALSE,FALSE
116.1590868611084,-32.758459934881806,0,0,0.21367479860782623,FALSE,FALSE,FALSE
116.20783046946416,-32.758459934881806,0,0,0.2271033227443695,FALSE,FALSE,FALSE
150.1333818850616,-32.8559471515933,0.3100968897342682,0.3100968897342682,0.3100968897342682,TRUE,TRUE,FALSE
151.35197209395517,-33.05092158501627,0,0,0.15348492562770844,FALSE,FALSE,FALSE
151.40071570231092,-33.05092158501627,0,0,0.14875739812850952,FALSE,FALSE,FALSE
151.44945931066667,-33.05092158501627,0,0,0.14428439736366272,FALSE,FALSE,FALSE
151.35197209395517,-33.09966519337201,0,0,0.21455813944339752,FALSE,FALSE,FALSE
151.40071570231092,-33.09966519337201,0,0,0.17513695359230042,FALSE,FALSE,FALSE
151.44945931066667,-33.09966519337201,0,0,0.14097698032855988,FALSE,FALSE,FALSE
151.30322848559945,-33.148408801727754,0,0,0.18911096453666687,FALSE,FALSE,FALSE
151.35197209395517,-33.148408801727754,0,0,0.22388438880443573,FALSE,FALSE,FALSE
151.40071570231092,-33.148408801727754,0,0,0.20075510442256927,FALSE,FALSE,FALSE
151.44945931066667,-33.148408801727754,0,0,0.13530763983726501,FALSE,FALSE,FALSE
141.31078877267203,-33.1971524100835,0,0,0.5973483920097351,FALSE,FALSE,TRUE
151.2544848772437,-33.1971524100835,0,0,0.17845140397548676,FALSE,FALSE,FALSE
151.30322848559945,-33.1971524100835,0,0,0.21294477581977844,FALSE,FALSE,FALSE
151.35197209395517,-33.1971524100835,0,0,0.24733811616897583,FALSE,FALSE,FALSE
151.40071570231092,-33.1971524100835,0,0,0.21298548579216003,FALSE,FALSE,FALSE
151.44945931066667,-33.1971524100835,0,0,0.13097889721393585,FALSE,FALSE,FALSE
148.32986837589908,-33.24589601843924,0.18448032438755035,0.18448032438755035,0.23792347311973572,TRUE,TRUE,FALSE
148.37861198425483,-33.24589601843924,0.05375294387340546,0.05375294387340546,0.23740150034427643,FALSE,FALSE,FALSE
151.20574126888795,-33.24589601843924,0,0,0.1465166062116623,FALSE,FALSE,FALSE
151.2544848772437,-33.24589601843924,0,0,0.16029246151447296,FALSE,FALSE,FALSE
151.30322848559945,-33.24589601843924,0,0,0.20301003754138947,FALSE,FALSE,FALSE
151.35197209395517,-33.24589601843924,0,0,0.26478180289268494,FALSE,FALSE,FALSE
151.40071570231092,-33.24589601843924,0,0,0.2507673501968384,FALSE,FALSE,FALSE
116.11034325275267,-33.29463962679499,0.19861753284931183,0.19861753284931183,0.19861753284931183,TRUE,TRUE,FALSE
151.1569976605322,-33.29463962679499,0,0,0.14829614758491516,FALSE,FALSE,FALSE
151.20574126888795,-33.29463962679499,0,0,0.14393764734268188,FALSE,FALSE,FALSE
151.2544848772437,-33.29463962679499,0,0,0.14764440059661865,FALSE,FALSE,FALSE
151.30322848559945,-33.29463962679499,0,0,0.17922702431678772,FALSE,FALSE,FALSE
151.35197209395517,-33.29463962679499,0,0,0.256026953458786,FALSE,FALSE,FALSE
151.40071570231092,-33.29463962679499,0,0,0.2510853409767151,FALSE,FALSE,FALSE
151.1569976605322,-33.343383235150725,0.025576867163181305,0.025576867163181305,0.17828792333602905,FALSE,FALSE,FALSE
151.20574126888795,-33.343383235150725,0.04693637043237686,0.04693637043237686,0.1422799676656723,FALSE,FALSE,FALSE
151.2544848772437,-33.343383235150725,0,0,0.16094937920570374,FALSE,FALSE,FALSE
151.30322848559945,-33.343383235150725,0,0,0.23277606070041656,FALSE,FALSE,FALSE
151.35197209395517,-33.343383235150725,0,0,0.26242583990097046,FALSE,FALSE,FALSE
151.40071570231092,-33.343383235150725,0,0,0.2775753140449524,FALSE,FALSE,FALSE
141.40827598938353,-33.392126843506475,0,0,0.5268001556396484,FALSE,FALSE,TRUE
150.9132796187535,-33.392126843506475,0,0,0.16560517251491547,FALSE,FALSE,FALSE
150.96202322710923,-33.392126843506475,0,0,0.17380370199680328,FALSE,FALSE,FALSE
151.01076683546498,-33.392126843506475,0,0,0.2022228091955185,FALSE,FALSE,FALSE
151.05951044382073,-33.392126843506475,0,0,0.24666668474674225,FALSE,FALSE,FALSE
151.10825405217645,-33.392126843506475,0.004011772572994232,0.004011772572994232,0.27430015802383423,FALSE,FALSE,FALSE
151.1569976605322,-33.392126843506475,0.01746462844312191,0.01746462844312191,0.24214278161525726,FALSE,FALSE,FALSE
151.20574126888795,-33.392126843506475,0.03321285918354988,0.03321285918354988,0.21198034286499023,FALSE,FALSE,FALSE
151.2544848772437,-33.392126843506475,0.0016244141152128577,0.0016244141152128577,0.24438826739788055,FALSE,FALSE,FALSE
151.30322848559945,-33.392126843506475,0,0,0.32819700241088867,FALSE,FALSE,FALSE
151.35197209395517,-33.392126843506475,0,0,0.3446881175041199,FALSE,FALSE,FALSE
151.40071570231092,-33.392126843506475,0,0,0.3300836682319641,FALSE,FALSE,FALSE
150.815792402042,-33.44087045186221,0,0,0.15734130144119263,FALSE,FALSE,FALSE
150.86453601039776,-33.44087045186221,0,0,0.1562439203262329,FALSE,FALSE,FALSE
150.9132796187535,-33.44087045186221,0,0,0.17758384346961975,FALSE,FALSE,FALSE
150.96202322710923,-33.44087045186221,0,0,0.23202741146087646,FALSE,FALSE,FALSE
151.01076683546498,-33.44087045186221,0,0,0.2767772674560547,FALSE,FALSE,FALSE
151.05951044382073,-33.44087045186221,0,0,0.2777155041694641,FALSE,FALSE,FALSE
151.10825405217645,-33.44087045186221,3.1673823832534254e-4,3.1673823832534254e-4,0.27637866139411926,FALSE,FALSE,FALSE
151.20574126888795,-33.44087045186221,0.0027224381919950247,0.0027224381919950247,0.24643689393997192,FALSE,FALSE,FALSE
151.2544848772437,-33.44087045186221,0,0,0.2679281532764435,FALSE,FALSE,FALSE
151.30322848559945,-33.44087045186221,0,0,0.3366977870464325,FALSE,FALSE,FALSE
151.44945931066667,-33.44087045186221,0,0,0.2669192850589752,FALSE,FALSE,FALSE
150.76704879368626,-33.48961406021796,0,0,0.149949848651886,FALSE,FALSE,FALSE
150.815792402042,-33.48961406021796,0,0,0.16250668466091156,FALSE,FALSE,FALSE
150.86453601039776,-33.48961406021796,0,0,0.21369682252407074,FALSE,FALSE,FALSE
150.9132796187535,-33.48961406021796,0,0,0.2597651183605194,FALSE,FALSE,FALSE
150.96202322710923,-33.48961406021796,0,0,0.2711980938911438,FALSE,FALSE,FALSE
151.01076683546498,-33.48961406021796,0,0,0.2834429442882538,FALSE,FALSE,FALSE
151.05951044382073,-33.48961406021796,0,0,0.2775368392467499,FALSE,FALSE,FALSE
151.10825405217645,-33.48961406021796,0,0,0.2668953537940979,FALSE,FALSE,FALSE
120.05857552956789,-33.5383576685737,0.6290895342826843,0.6290895342826843,0.6290895342826843,TRUE,TRUE,TRUE
150.6695615769748,-33.5383576685737,0,0,0.1501111388206482,FALSE,FALSE,FALSE
150.7183051853305,-33.5383576685737,0,0,0.16733717918395996,FALSE,FALSE,FALSE
150.76704879368626,-33.5383576685737,0,0,0.20887550711631775,FALSE,FALSE,FALSE
150.815792402042,-33.5383576685737,0,0,0.24458859860897064,FALSE,FALSE,FALSE
150.86453601039776,-33.5383576685737,0,0,0.25477704405784607,FALSE,FALSE,FALSE
150.9132796187535,-33.5383576685737,0,0,0.2666989862918854,FALSE,FALSE,FALSE
150.96202322710923,-33.5383576685737,0,0,0.26631438732147217,FALSE,FALSE,FALSE
151.01076683546498,-33.5383576685737,0,0,0.2663653790950775,FALSE,FALSE,FALSE
151.05951044382073,-33.5383576685737,0,0,0.2624265253543854,FALSE,FALSE,FALSE
151.10825405217645,-33.5383576685737,0,0,0.2547942101955414,FALSE,FALSE,FALSE
150.62081796861904,-33.587101276929445,0,0,0.24791081249713898,FALSE,FALSE,FALSE
150.6695615769748,-33.587101276929445,0,0,0.2330075055360794,FALSE,FALSE,FALSE
150.7183051853305,-33.587101276929445,0,0,0.2313113510608673,FALSE,FALSE,FALSE
150.76704879368626,-33.587101276929445,0,0,0.2517835795879364,FALSE,FALSE,FALSE
150.815792402042,-33.587101276929445,0,0,0.26201358437538147,FALSE,FALSE,FALSE
150.86453601039776,-33.587101276929445,0,0,0.2540937662124634,FALSE,FALSE,FALSE
150.9132796187535,-33.587101276929445,0,0,0.25057220458984375,FALSE,FALSE,FALSE
150.96202322710923,-33.587101276929445,0,0,0.24910834431648254,FALSE,FALSE,FALSE
151.01076683546498,-33.587101276929445,0,0,0.24866953492164612,FALSE,FALSE,FALSE
151.05951044382073,-33.587101276929445,0,0,0.24648380279541016,FALSE,FALSE,FALSE
151.10825405217645,-33.587101276929445,0,0,0.24125246703624725,FALSE,FALSE,FALSE
151.1569976605322,-33.587101276929445,0,0,0.24679633975028992,FALSE,FALSE,FALSE
151.20574126888795,-33.587101276929445,0,0,0.2631279528141022,FALSE,FALSE,FALSE
134.97411968642538,-33.63584488528519,0.6095694899559021,0.6095694899559021,0.6095694899559021,TRUE,TRUE,TRUE
150.52333075190754,-33.63584488528519,0,0,0.18753576278686523,FALSE,FALSE,FALSE
150.5720743602633,-33.63584488528519,0,0,0.20232287049293518,FALSE,FALSE,FALSE
150.62081796861904,-33.63584488528519,0,0,0.247482031583786,FALSE,FALSE,FALSE
150.6695615769748,-33.63584488528519,0,0,0.2670445740222931,FALSE,FALSE,FALSE
150.7183051853305,-33.63584488528519,0,0,0.2634839415550232,FALSE,FALSE,FALSE
150.76704879368626,-33.63584488528519,0,0,0.25945019721984863,FALSE,FALSE,FALSE
150.815792402042,-33.63584488528519,0,0,0.2506435513496399,FALSE,FALSE,FALSE
150.86453601039776,-33.63584488528519,0,0,0.24525867402553558,FALSE,FALSE,FALSE
150.9132796187535,-33.63584488528519,0,0,0.24135053157806396,FALSE,FALSE,FALSE
150.96202322710923,-33.63584488528519,0,0,0.2365216165781021,FALSE,FALSE,FALSE
151.01076683546498,-33.63584488528519,0,0,0.23428873717784882,FALSE,FALSE,FALSE
151.05951044382073,-33.63584488528519,0,0,0.23284634947776794,FALSE,FALSE,FALSE
151.10825405217645,-33.63584488528519,0,0,0.23075877130031586,FALSE,FALSE,FALSE
151.1569976605322,-33.63584488528519,0,0,0.24136900901794434,FALSE,FALSE,FALSE
151.20574126888795,-33.63584488528519,0,0,0.28967049717903137,FALSE,FALSE,FALSE
151.2544848772437,-33.63584488528519,0,0,0.34984469413757324,FALSE,FALSE,FALSE
150.42584353519607,-33.68458849364093,0,0,0.3388500213623047,FALSE,FALSE,FALSE
150.4745871435518,-33.68458849364093,0,0,0.33843523263931274,FALSE,FALSE,FALSE
150.52333075190754,-33.68458849364093,0,0,0.3103298842906952,FALSE,FALSE,FALSE
150.5720743602633,-33.68458849364093,0,0,0.27267417311668396,FALSE,FALSE,FALSE
150.62081796861904,-33.68458849364093,0,0,0.2544157803058624,FALSE,FALSE,FALSE
150.6695615769748,-33.68458849364093,0,0,0.2558647692203522,FALSE,FALSE,FALSE
150.7183051853305,-33.68458849364093,0,0,0.25183260440826416,FALSE,FALSE,FALSE
150.76704879368626,-33.68458849364093,0,0,0.2454669177532196,FALSE,FALSE,FALSE
150.815792402042,-33.68458849364093,0,0,0.2407209873199463,FALSE,FALSE,FALSE
150.86453601039776,-33.68458849364093,0,0,0.23971989750862122,FALSE,FALSE,FALSE
150.9132796187535,-33.68458849364093,0,0,0.23623201251029968,FALSE,FALSE,FALSE
150.96202322710923,-33.68458849364093,0,0,0.23112723231315613,FALSE,FALSE,FALSE
151.01076683546498,-33.68458849364093,0,0,0.22685717046260834,FALSE,FALSE,FALSE
151.05951044382073,-33.68458849364093,0,0,0.2233976274728775,FALSE,FALSE,FALSE
151.10825405217645,-33.68458849364093,0,0,0.2275904417037964,FALSE,FALSE,FALSE
151.1569976605322,-33.68458849364093,0,0,0.265595942735672,FALSE,FALSE,FALSE
151.20574126888795,-33.68458849364093,0,0,0.32739266753196716,FALSE,FALSE,FALSE
151.2544848772437,-33.68458849364093,0,0,0.3287729024887085,FALSE,FALSE,FALSE
150.32835631848457,-33.73333210199668,0,0,0.49827176332473755,FALSE,FALSE,TRUE
150.37709992684032,-33.73333210199668,0,0,0.5414305329322815,FALSE,FALSE,TRUE
150.42584353519607,-33.73333210199668,0,0,0.5250558257102966,FALSE,FALSE,TRUE
150.4745871435518,-33.73333210199668,0,0,0.5065836906433105,FALSE,FALSE,TRUE
150.52333075190754,-33.73333210199668,0,0,0.46059849858283997,FALSE,FALSE,TRUE
150.5720743602633,-33.73333210199668,0,0,0.41121646761894226,FALSE,FALSE,FALSE
150.62081796861904,-33.73333210199668,0,0,0.38575103878974915,FALSE,FALSE,FALSE
150.6695615769748,-33.73333210199668,0,0,0.3539871871471405,FALSE,FALSE,FALSE
150.7183051853305,-33.73333210199668,0,0,0.23999840021133423,FALSE,FALSE,FALSE
150.76704879368626,-33.73333210199668,0,0,0.23530633747577667,FALSE,FALSE,FALSE
150.815792402042,-33.73333210199668,0,0,0.23280487954616547,FALSE,FALSE,FALSE
150.86453601039776,-33.73333210199668,0,0,0.2320382297039032,FALSE,FALSE,FALSE
150.9132796187535,-33.73333210199668,0,0,0.22993691265583038,FALSE,FALSE,FALSE
150.96202322710923,-33.73333210199668,0,0,0.227131649851799,FALSE,FALSE,FALSE
151.01076683546498,-33.73333210199668,0,0,0.2241116166114807,FALSE,FALSE,FALSE
151.05951044382073,-33.73333210199668,0,0,0.22464509308338165,FALSE,FALSE,FALSE
151.10825405217645,-33.73333210199668,0,0,0.24591213464736938,FALSE,FALSE,FALSE
151.1569976605322,-33.73333210199668,0,0,0.3109433054924011,FALSE,FALSE,FALSE
151.20574126888795,-33.73333210199668,0,0,0.31806710362434387,FALSE,FALSE,FALSE
151.2544848772437,-33.73333210199668,0,0,0.24606598913669586,FALSE,FALSE,FALSE
150.32835631848457,-33.782075710352416,0,0,0.267787903547287,FALSE,FALSE,FALSE
150.37709992684032,-33.782075710352416,0,0,0.36165013909339905,FALSE,FALSE,FALSE
150.42584353519607,-33.782075710352416,0,0,0.4523578882217407,FALSE,FALSE,TRUE
150.4745871435518,-33.782075710352416,0,0,0.47466567158699036,FALSE,FALSE,TRUE
150.52333075190754,-33.782075710352416,0,0,0.450899213552475,FALSE,FALSE,TRUE
150.5720743602633,-33.782075710352416,0,0,0.45133668184280396,FALSE,FALSE,TRUE
150.62081796861904,-33.782075710352416,0,0,0.44214490056037903,FALSE,FALSE,TRUE
150.6695615769748,-33.782075710352416,0,0,0.4425724148750305,FALSE,FALSE,TRUE
150.7183051853305,-33.782075710352416,0,0,0.2664986848831177,FALSE,FALSE,FALSE
150.76704879368626,-33.782075710352416,0,0,0.23427514731884003,FALSE,FALSE,FALSE
150.815792402042,-33.782075710352416,0,0,0.22881203889846802,FALSE,FALSE,FALSE
150.86453601039776,-33.782075710352416,0,0,0.22551791369915009,FALSE,FALSE,FALSE
150.9132796187535,-33.782075710352416,0,0,0.22281832993030548,FALSE,FALSE,FALSE
150.96202322710923,-33.782075710352416,0,0,0.2204822301864624,FALSE,FALSE,FALSE
151.01076683546498,-33.782075710352416,0,0,0.21898968517780304,FALSE,FALSE,FALSE
151.05951044382073,-33.782075710352416,0,0,0.21907982230186462,FALSE,FALSE,FALSE
151.10825405217645,-33.782075710352416,0,0,0.23761969804763794,FALSE,FALSE,FALSE
151.1569976605322,-33.782075710352416,0,0,0.29810822010040283,FALSE,FALSE,FALSE
151.20574126888795,-33.782075710352416,0,0,0.24479244649410248,FALSE,FALSE,FALSE
150.42584353519607,-33.830819318708166,0,0,0.30584022402763367,FALSE,FALSE,FALSE
150.4745871435518,-33.830819318708166,0,0,0.33381181955337524,FALSE,FALSE,FALSE
150.52333075190754,-33.830819318708166,0,0,0.3314485549926758,FALSE,FALSE,FALSE
150.5720743602633,-33.830819318708166,0,0,0.34238165616989136,FALSE,FALSE,FALSE
150.62081796861904,-33.830819318708166,0,0,0.3225327730178833,FALSE,FALSE,FALSE
150.6695615769748,-33.830819318708166,0,0,0.30564090609550476,FALSE,FALSE,FALSE
150.7183051853305,-33.830819318708166,0,0,0.25991901755332947,FALSE,FALSE,FALSE
150.76704879368626,-33.830819318708166,0,0,0.23684380948543549,FALSE,FALSE,FALSE
150.815792402042,-33.830819318708166,0,0,0.22926953434944153,FALSE,FALSE,FALSE
150.86453601039776,-33.830819318708166,0,0,0.22516292333602905,FALSE,FALSE,FALSE
150.9132796187535,-33.830819318708166,0,0,0.2218550145626068,FALSE,FALSE,FALSE
150.96202322710923,-33.830819318708166,0,0,0.21714311838150024,FALSE,FALSE,FALSE
151.01076683546498,-33.830819318708166,0,0,0.21222028136253357,FALSE,FALSE,FALSE
151.05951044382073,-33.830819318708166,0,0,0.2114471048116684,FALSE,FALSE,FALSE
151.10825405217645,-33.830819318708166,0,0,0.2361198514699936,FALSE,FALSE,FALSE
151.1569976605322,-33.830819318708166,0,0,0.24892230331897736,FALSE,FALSE,FALSE
151.20574126888795,-33.830819318708166,0,0,0.19963139295578003,FALSE,FALSE,FALSE
150.42584353519607,-33.8795629270639,0,0,0.21441121399402618,FALSE,FALSE,FALSE
150.4745871435518,-33.8795629270639,0,0,0.2600869834423065,FALSE,FALSE,FALSE
150.52333075190754,-33.8795629270639,0,0,0.30153363943099976,FALSE,FALSE,FALSE
150.5720743602633,-33.8795629270639,0,0,0.29457658529281616,FALSE,FALSE,FALSE
150.62081796861904,-33.8795629270639,0,0,0.27959123253822327,FALSE,FALSE,FALSE
150.6695615769748,-33.8795629270639,0,0,0.2749774158000946,FALSE,FALSE,FALSE
150.7183051853305,-33.8795629270639,0,0,0.2589814364910126,FALSE,FALSE,FALSE
150.76704879368626,-33.8795629270639,0,0,0.23790188133716583,FALSE,FALSE,FALSE
150.815792402042,-33.8795629270639,0,0,0.22946415841579437,FALSE,FALSE,FALSE
150.86453601039776,-33.8795629270639,0,0,0.22469931840896606,FALSE,FALSE,FALSE
150.9132796187535,-33.8795629270639,0,0,0.21959912776947021,FALSE,FALSE,FALSE
150.96202322710923,-33.8795629270639,0,0,0.21341542899608612,FALSE,FALSE,FALSE
151.01076683546498,-33.8795629270639,0,0,0.2087995558977127,FALSE,FALSE,FALSE
151.05951044382073,-33.8795629270639,0,0,0.20979417860507965,FALSE,FALSE,FALSE
151.10825405217645,-33.8795629270639,0,0,0.23289665579795837,FALSE,FALSE,FALSE
151.1569976605322,-33.8795629270639,0,0,0.20115800201892853,FALSE,FALSE,FALSE
151.20574126888795,-33.8795629270639,0,0,0.13961322605609894,FALSE,FALSE,FALSE
151.2544848772437,-33.8795629270639,0,0,0.10201113671064377,FALSE,FALSE,FALSE
115.18421469399354,-33.92830653541965,0.2569369673728943,0.2569369673728943,0.2569369673728943,TRUE,TRUE,FALSE
150.42584353519607,-33.92830653541965,0,0,0.172862246632576,FALSE,FALSE,FALSE
150.4745871435518,-33.92830653541965,0,0,0.2042241394519806,FALSE,FALSE,FALSE
150.52333075190754,-33.92830653541965,0,0,0.2904601991176605,FALSE,FALSE,FALSE
150.5720743602633,-33.92830653541965,0,0,0.3125549554824829,FALSE,FALSE,FALSE
150.62081796861904,-33.92830653541965,0,0,0.3552277386188507,FALSE,FALSE,FALSE
150.6695615769748,-33.92830653541965,0,0,0.3590812683105469,FALSE,FALSE,FALSE
150.7183051853305,-33.92830653541965,0,0,0.29965049028396606,FALSE,FALSE,FALSE
150.76704879368626,-33.92830653541965,0,0,0.2360544204711914,FALSE,FALSE,FALSE
150.815792402042,-33.92830653541965,0,0,0.22719217836856842,FALSE,FALSE,FALSE
150.86453601039776,-33.92830653541965,0,0,0.22195102274417877,FALSE,FALSE,FALSE
150.9132796187535,-33.92830653541965,0,0,0.21763017773628235,FALSE,FALSE,FALSE
150.96202322710923,-33.92830653541965,0,0,0.21619737148284912,FALSE,FALSE,FALSE
151.01076683546498,-33.92830653541965,0,0,0.19346702098846436,FALSE,FALSE,FALSE
151.05951044382073,-33.92830653541965,0,0,0.16596107184886932,FALSE,FALSE,FALSE
151.10825405217645,-33.92830653541965,0,0,0.16533620655536652,FALSE,FALSE,FALSE
151.1569976605322,-33.92830653541965,0,0,0.15284521877765656,FALSE,FALSE,FALSE
141.6032504228065,-33.977050143775394,0,0,0.38546323776245117,FALSE,FALSE,FALSE
150.42584353519607,-33.977050143775394,0,0,0.17000900208950043,FALSE,FALSE,FALSE
150.4745871435518,-33.977050143775394,0,0,0.1758478581905365,FALSE,FALSE,FALSE
150.52333075190754,-33.977050143775394,0,0,0.20947517454624176,FALSE,FALSE,FALSE
150.5720743602633,-33.977050143775394,0,0,0.2724243998527527,FALSE,FALSE,FALSE
150.62081796861904,-33.977050143775394,0,0,0.3535173237323761,FALSE,FALSE,FALSE
150.6695615769748,-33.977050143775394,0,0,0.3795161247253418,FALSE,FALSE,FALSE
150.7183051853305,-33.977050143775394,0,0,0.3187491297721863,FALSE,FALSE,FALSE
150.76704879368626,-33.977050143775394,0,0,0.2321930080652237,FALSE,FALSE,FALSE
150.815792402042,-33.977050143775394,0,0,0.2238585501909256,FALSE,FALSE,FALSE
150.86453601039776,-33.977050143775394,0,0,0.22115285694599152,FALSE,FALSE,FALSE
150.9132796187535,-33.977050143775394,0,0,0.20839594304561615,FALSE,FALSE,FALSE
150.96202322710923,-33.977050143775394,0,0,0.15847080945968628,FALSE,FALSE,FALSE
151.01076683546498,-33.977050143775394,0,0,0.14640897512435913,FALSE,FALSE,FALSE
151.05951044382073,-33.977050143775394,0,0,0.16661369800567627,FALSE,FALSE,FALSE
151.10825405217645,-33.977050143775394,0,0,0.16462813317775726,FALSE,FALSE,FALSE
141.6032504228065,-34.025793752131136,0,0,0.3837363123893738,FALSE,FALSE,FALSE
141.65199403116225,-34.025793752131136,0,0,0.373026043176651,FALSE,FALSE,FALSE
141.70073763951797,-34.025793752131136,0,0,0.3633767068386078,FALSE,FALSE,FALSE
150.42584353519607,-34.025793752131136,0,0,0.17024968564510345,FALSE,FALSE,FALSE
150.4745871435518,-34.025793752131136,0,0,0.16428574919700623,FALSE,FALSE,FALSE
150.52333075190754,-34.025793752131136,0,0,0.17222462594509125,FALSE,FALSE,FALSE
150.5720743602633,-34.025793752131136,0,0,0.23026400804519653,FALSE,FALSE,FALSE
150.62081796861904,-34.025793752131136,0,0,0.3196859061717987,FALSE,FALSE,FALSE
150.6695615769748,-34.025793752131136,0,0,0.37779584527015686,FALSE,FALSE,FALSE
150.7183051853305,-34.025793752131136,0,0,0.33666205406188965,FALSE,FALSE,FALSE
150.76704879368626,-34.025793752131136,0,0,0.27291378378868103,FALSE,FALSE,FALSE
150.815792402042,-34.025793752131136,0,0,0.23523548245429993,FALSE,FALSE,FALSE
150.86453601039776,-34.025793752131136,0,0,0.21528340876102448,FALSE,FALSE,FALSE
150.9132796187535,-34.025793752131136,0,0,0.1637284755706787,FALSE,FALSE,FALSE
150.96202322710923,-34.025793752131136,0,0,0.13309451937675476,FALSE,FALSE,FALSE
151.01076683546498,-34.025793752131136,0,0,0.16740961372852325,FALSE,FALSE,FALSE
151.05951044382073,-34.025793752131136,0,0,0.21562571823596954,FALSE,FALSE,FALSE
151.10825405217645,-34.025793752131136,0,0,0.1862943172454834,FALSE,FALSE,FALSE
141.6032504228065,-34.07453736048688,0,0,0.37973159551620483,FALSE,FALSE,FALSE
141.65199403116225,-34.07453736048688,0,0,0.3712184727191925,FALSE,FALSE,FALSE
141.70073763951797,-34.07453736048688,0,0,0.36107131838798523,FALSE,FALSE,FALSE
150.42584353519607,-34.07453736048688,0,0,0.16770382225513458,FALSE,FALSE,FALSE
150.4745871435518,-34.07453736048688,0,0,0.16237519681453705,FALSE,FALSE,FALSE
150.52333075190754,-34.07453736048688,0,0,0.15605184435844421,FALSE,FALSE,FALSE
150.5720743602633,-34.07453736048688,0,0,0.17066128551959991,FALSE,FALSE,FALSE
150.62081796861904,-34.07453736048688,0,0,0.24042411148548126,FALSE,FALSE,FALSE
150.6695615769748,-34.07453736048688,0,0,0.3811812996864319,FALSE,FALSE,FALSE
150.7183051853305,-34.07453736048688,0,0,0.3564685583114624,FALSE,FALSE,FALSE
150.76704879368626,-34.07453736048688,0,0,0.32251808047294617,FALSE,FALSE,FALSE
150.815792402042,-34.07453736048688,0,0,0.24902953207492828,FALSE,FALSE,FALSE
150.86453601039776,-34.07453736048688,0,0,0.17461314797401428,FALSE,FALSE,FALSE
150.9132796187535,-34.07453736048688,0,0,0.1274704933166504,FALSE,FALSE,FALSE
150.96202322710923,-34.07453736048688,0,0,0.12754999101161957,FALSE,FALSE,FALSE
151.01076683546498,-34.07453736048688,0,0,0.17694729566574097,FALSE,FALSE,FALSE
151.05951044382073,-34.07453736048688,0,0,0.25370779633522034,FALSE,FALSE,FALSE
151.10825405217645,-34.07453736048688,0,0,0.19366976618766785,FALSE,FALSE,FALSE
141.65199403116225,-34.12328096884262,0,0,0.36690080165863037,FALSE,FALSE,FALSE
141.70073763951797,-34.12328096884262,0,0,0.3574305474758148,FALSE,FALSE,FALSE
150.4745871435518,-34.12328096884262,0,0,0.16110198199748993,FALSE,FALSE,FALSE
150.52333075190754,-34.12328096884262,0,0,0.1525215208530426,FALSE,FALSE,FALSE
150.5720743602633,-34.12328096884262,0,0,0.14966396987438202,FALSE,FALSE,FALSE
150.62081796861904,-34.12328096884262,0,0,0.1879529356956482,FALSE,FALSE,FALSE
150.6695615769748,-34.12328096884262,0,0,0.32495051622390747,FALSE,FALSE,FALSE
150.7183051853305,-34.12328096884262,0,0,0.3458847999572754,FALSE,FALSE,FALSE
150.76704879368626,-34.12328096884262,0,0,0.301597535610199,FALSE,FALSE,FALSE
150.815792402042,-34.12328096884262,0,0,0.2390781044960022,FALSE,FALSE,FALSE
150.86453601039776,-34.12328096884262,0,0,0.174172505736351,FALSE,FALSE,FALSE
150.9132796187535,-34.12328096884262,0,0,0.11876114457845688,FALSE,FALSE,FALSE
150.96202322710923,-34.12328096884262,0,0,0.12732456624507904,FALSE,FALSE,FALSE
151.01076683546498,-34.12328096884262,0,0,0.16421078145503998,FALSE,FALSE,FALSE
151.05951044382073,-34.12328096884262,0,0,0.18732193112373352,FALSE,FALSE,FALSE
141.65199403116225,-34.17202457719837,0,0,0.35734161734580994,FALSE,FALSE,FALSE
141.70073763951797,-34.17202457719837,0,0,0.348924845457077,FALSE,FALSE,FALSE
141.74948124787372,-34.17202457719837,0,0,0.3397102952003479,FALSE,FALSE,FALSE
150.4745871435518,-34.17202457719837,0,0,0.15969622135162354,FALSE,FALSE,FALSE
150.52333075190754,-34.17202457719837,0,0,0.15174345672130585,FALSE,FALSE,FALSE
150.5720743602633,-34.17202457719837,0,0,0.14409668743610382,FALSE,FALSE,FALSE
150.62081796861904,-34.17202457719837,0,0,0.16507218778133392,FALSE,FALSE,FALSE
150.6695615769748,-34.17202457719837,0,0,0.24940930306911469,FALSE,FALSE,FALSE
150.7183051853305,-34.17202457719837,0,0,0.2868666648864746,FALSE,FALSE,FALSE
150.76704879368626,-34.17202457719837,0,0,0.26813235878944397,FALSE,FALSE,FALSE
150.815792402042,-34.17202457719837,0,0,0.2369573712348938,FALSE,FALSE,FALSE
150.86453601039776,-34.17202457719837,0,0,0.19649939239025116,FALSE,FALSE,FALSE
150.9132796187535,-34.17202457719837,0,0,0.14091266691684723,FALSE,FALSE,FALSE
150.96202322710923,-34.17202457719837,0,0,0.1568206250667572,FALSE,FALSE,FALSE
151.01076683546498,-34.17202457719837,0,0,0.18389946222305298,FALSE,FALSE,FALSE
115.67165077755097,-34.22076818555411,0.00253090588375926,0.00253090588375926,0.30705052614212036,FALSE,FALSE,FALSE
115.72039438590672,-34.22076818555411,0.003313052700832486,0.003313052700832486,0.3049090504646301,FALSE,FALSE,FALSE
115.76913799426246,-34.22076818555411,0.004192876163870096,0.004192876163870096,0.30485787987709045,FALSE,FALSE,FALSE
115.8178816026182,-34.22076818555411,0.004591525532305241,0.004591525532305241,0.30868300795555115,FALSE,FALSE,FALSE
141.65199403116225,-34.22076818555411,0,0,0.3459603190422058,FALSE,FALSE,FALSE
141.70073763951797,-34.22076818555411,0,0,0.3386154770851135,FALSE,FALSE,FALSE
141.74948124787372,-34.22076818555411,0,0,0.33105242252349854,FALSE,FALSE,FALSE
141.79822485622947,-34.22076818555411,0,0,0.32044246792793274,FALSE,FALSE,FALSE
150.4745871435518,-34.22076818555411,0,0,0.15872041881084442,FALSE,FALSE,FALSE
150.52333075190754,-34.22076818555411,0,0,0.15097899734973907,FALSE,FALSE,FALSE
150.5720743602633,-34.22076818555411,0,0,0.1439964771270752,FALSE,FALSE,FALSE
150.62081796861904,-34.22076818555411,0,0,0.1497621089220047,FALSE,FALSE,FALSE
150.6695615769748,-34.22076818555411,0,0,0.18471616506576538,FALSE,FALSE,FALSE
150.7183051853305,-34.22076818555411,0,0,0.22768619656562805,FALSE,FALSE,FALSE
150.76704879368626,-34.22076818555411,0,0,0.25727543234825134,FALSE,FALSE,FALSE
150.815792402042,-34.22076818555411,0,0,0.25276100635528564,FALSE,FALSE,FALSE
150.86453601039776,-34.22076818555411,0,0,0.24027413129806519,FALSE,FALSE,FALSE
150.9132796187535,-34.22076818555411,0,0,0.21903857588768005,FALSE,FALSE,FALSE
150.96202322710923,-34.22076818555411,0,0,0.1996769905090332,FALSE,FALSE,FALSE
115.67165077755097,-34.26951179390986,0.0024467764887958765,0.0024467764887958765,0.3143344223499298,FALSE,FALSE,FALSE
115.72039438590672,-34.26951179390986,0.002713507739827037,0.002713507739827037,0.31235063076019287,FALSE,FALSE,FALSE
115.76913799426246,-34.26951179390986,0.0036098817363381386,0.0036098817363381386,0.3130602240562439,FALSE,FALSE,FALSE
115.8178816026182,-34.26951179390986,0.004542422480881214,0.004542422480881214,0.3166101574897766,FALSE,FALSE,FALSE
115.86662521097395,-34.26951179390986,0.004601138178259134,0.004601138178259134,0.3209521770477295,FALSE,FALSE,FALSE
115.91536881932969,-34.26951179390986,0.003177500795572996,0.003177500795572996,0.3240615129470825,FALSE,FALSE,FALSE
115.96411242768544,-34.26951179390986,8.792412118054926e-4,8.792412118054926e-4,0.3243601620197296,FALSE,FALSE,FALSE
118.0600875869824,-34.26951179390986,0.3800038993358612,0.3800038993358612,0.3800038993358612,TRUE,TRUE,FALSE
141.65199403116225,-34.26951179390986,0,0,0.33941784501075745,FALSE,FALSE,FALSE
141.70073763951797,-34.26951179390986,0,0,0.33255699276924133,FALSE,FALSE,FALSE
141.74948124787372,-34.26951179390986,0,0,0.32566404342651367,FALSE,FALSE,FALSE
141.79822485622947,-34.26951179390986,0,0,0.3184649348258972,FALSE,FALSE,FALSE
141.84696846458522,-34.26951179390986,0,0,0.31249916553497314,FALSE,FALSE,FALSE
150.27961271012882,-34.26951179390986,0,0,0.19231365621089935,FALSE,FALSE,FALSE
150.4745871435518,-34.26951179390986,0,0,0.15692725777626038,FALSE,FALSE,FALSE
150.52333075190754,-34.26951179390986,0,0,0.15018825232982635,FALSE,FALSE,FALSE
150.5720743602633,-34.26951179390986,0,0,0.14334437251091003,FALSE,FALSE,FALSE
150.7183051853305,-34.26951179390986,0,0,0.16117072105407715,FALSE,FALSE,FALSE
150.76704879368626,-34.26951179390986,0,0,0.19888687133789063,FALSE,FALSE,FALSE
150.815792402042,-34.26951179390986,0,0,0.25539231300354004,FALSE,FALSE,FALSE
150.86453601039776,-34.26951179390986,0,0,0.2500860095024109,FALSE,FALSE,FALSE
150.9132796187535,-34.26951179390986,0,0,0.25985440611839294,FALSE,FALSE,FALSE
115.62290716919523,-34.31825540226559,0.002529520308598876,0.002529520308598876,0.3280431032180786,FALSE,FALSE,FALSE
115.67165077755097,-34.31825540226559,0.0025059576146304607,0.0025059576146304607,0.32508885860443115,FALSE,FALSE,FALSE
115.72039438590672,-34.31825540226559,0.002515963977202773,0.002515963977202773,0.32260435819625854,FALSE,FALSE,FALSE
115.76913799426246,-34.31825540226559,0.002677894663065672,0.002677894663065672,0.32123836874961853,FALSE,FALSE,FALSE
115.8178816026182,-34.31825540226559,0.00304978946223855,0.00304978946223855,0.32302772998809814,FALSE,FALSE,FALSE
115.86662521097395,-34.31825540226559,0.003890867345035076,0.003890867345035076,0.3267834484577179,FALSE,FALSE,FALSE
115.91536881932969,-34.31825540226559,0.0045652836561203,0.0045652836561203,0.33003219962120056,FALSE,FALSE,FALSE
115.96411242768544,-34.31825540226559,0.0041749924421310425,0.0041749924421310425,0.330915629863739,FALSE,FALSE,FALSE
116.01285603604117,-34.31825540226559,0.0036790112499147654,0.0036790112499147654,0.3289814293384552,FALSE,FALSE,FALSE
116.06159964439692,-34.31825540226559,0.0029736729338765144,0.0029736729338765144,0.32564982771873474,FALSE,FALSE,FALSE
116.11034325275267,-34.31825540226559,3.249405126553029e-4,3.249405126553029e-4,0.3234140872955322,FALSE,FALSE,FALSE
141.65199403116225,-34.31825540226559,0,0,0.3465704023838043,FALSE,FALSE,FALSE
141.70073763951797,-34.31825540226559,0,0,0.3398888409137726,FALSE,FALSE,FALSE
141.74948124787372,-34.31825540226559,0,0,0.33315637707710266,FALSE,FALSE,FALSE
141.79822485622947,-34.31825540226559,0,0,0.32655128836631775,FALSE,FALSE,FALSE
141.84696846458522,-34.31825540226559,0,0,0.3215288519859314,FALSE,FALSE,FALSE
141.89571207294097,-34.31825540226559,0,0,0.32009845972061157,FALSE,FALSE,FALSE
150.42584353519607,-34.31825540226559,0,0,0.1621134877204895,FALSE,FALSE,FALSE
150.4745871435518,-34.31825540226559,0,0,0.15559478104114532,FALSE,FALSE,FALSE
150.52333075190754,-34.31825540226559,0,0,0.14843839406967163,FALSE,FALSE,FALSE
150.5720743602633,-34.31825540226559,0,0,0.14361758530139923,FALSE,FALSE,FALSE
150.7183051853305,-34.31825540226559,0,0,0.1392488032579422,FALSE,FALSE,FALSE
150.76704879368626,-34.31825540226559,0,0,0.16196398437023163,FALSE,FALSE,FALSE
150.815792402042,-34.31825540226559,0,0,0.24458275735378265,FALSE,FALSE,FALSE
150.86453601039776,-34.31825540226559,0,0,0.2774134576320648,FALSE,FALSE,FALSE
150.9132796187535,-34.31825540226559,0,0,0.29757943749427795,FALSE,FALSE,FALSE
115.62290716919523,-34.36699901062134,0.002681152895092964,0.002681152895092964,0.33738481998443604,FALSE,FALSE,FALSE
115.67165077755097,-34.36699901062134,0.0032869100105017424,0.0032869100105017424,0.3357638716697693,FALSE,FALSE,FALSE
115.72039438590672,-34.36699901062134,0.004852999933063984,0.004852999933063984,0.3330147862434387,FALSE,FALSE,FALSE
115.76913799426246,-34.36699901062134,0.004237228073179722,0.004237228073179722,0.32951977849006653,FALSE,FALSE,FALSE
115.8178816026182,-34.36699901062134,0.00299466191790998,0.00299466191790998,0.3300943672657013,FALSE,FALSE,FALSE
115.86662521097395,-34.36699901062134,0.0028532366268336773,0.0028532366268336773,0.3328428268432617,FALSE,FALSE,FALSE
115.91536881932969,-34.36699901062134,0.003075777320191264,0.003075777320191264,0.3352969288825989,FALSE,FALSE,FALSE
115.96411242768544,-34.36699901062134,0.003141658380627632,0.003141658380627632,0.336401104927063,FALSE,FALSE,FALSE
116.01285603604117,-34.36699901062134,0.003438152140006423,0.003438152140006423,0.33606207370758057,FALSE,FALSE,FALSE
116.06159964439692,-34.36699901062134,0.004082506988197565,0.004082506988197565,0.3343343436717987,FALSE,FALSE,FALSE
116.11034325275267,-34.36699901062134,0.0030786977149546146,0.0030786977149546146,0.33205878734588623,FALSE,FALSE,FALSE
116.1590868611084,-34.36699901062134,0.0029765910003334284,0.0029765910003334284,0.33286741375923157,FALSE,FALSE,FALSE
116.20783046946416,-34.36699901062134,6.127591477707028e-4,6.127591477707028e-4,0.33670133352279663,FALSE,FALSE,FALSE
118.10883119533814,-34.36699901062134,0.3805640935897827,0.3805640935897827,0.3805640935897827,TRUE,TRUE,FALSE
118.25506202040538,-34.36699901062134,0.39656805992126465,0.39656805992126465,0.39656805992126465,TRUE,TRUE,FALSE
118.35254923711686,-34.36699901062134,0.4014095962047577,0.4014095962047577,0.4014095962047577,TRUE,TRUE,FALSE
141.65199403116225,-34.36699901062134,0,0,0.36393970251083374,FALSE,FALSE,FALSE
141.70073763951797,-34.36699901062134,0,0,0.35769128799438477,FALSE,FALSE,FALSE
141.74948124787372,-34.36699901062134,0,0,0.35112422704696655,FALSE,FALSE,FALSE
141.79822485622947,-34.36699901062134,0,0,0.34488731622695923,FALSE,FALSE,FALSE
141.84696846458522,-34.36699901062134,0,0,0.33995404839515686,FALSE,FALSE,FALSE
141.89571207294097,-34.36699901062134,0,0,0.3377036452293396,FALSE,FALSE,FALSE
141.9444556812967,-34.36699901062134,0,0,0.3370600640773773,FALSE,FALSE,FALSE
150.42584353519607,-34.36699901062134,0,0,0.15697890520095825,FALSE,FALSE,FALSE
150.4745871435518,-34.36699901062134,0,0,0.15221112966537476,FALSE,FALSE,FALSE
150.52333075190754,-34.36699901062134,0,0,0.14712786674499512,FALSE,FALSE,FALSE
150.7183051853305,-34.36699901062134,0,0,0.136399045586586,FALSE,FALSE,FALSE
150.76704879368626,-34.36699901062134,0,0,0.1576053500175476,FALSE,FALSE,FALSE
150.815792402042,-34.36699901062134,0,0,0.2534548044204712,FALSE,FALSE,FALSE
150.86453601039776,-34.36699901062134,0,0,0.31941768527030945,FALSE,FALSE,FALSE
150.9132796187535,-34.36699901062134,0,0,0.33427342772483826,FALSE,FALSE,FALSE
115.67165077755097,-34.415742618977085,0.002048385562375188,0.002048385562375188,0.34419509768486023,FALSE,FALSE,FALSE
115.72039438590672,-34.415742618977085,0.002870246535167098,0.002870246535167098,0.34227317571640015,FALSE,FALSE,FALSE
115.96411242768544,-34.415742618977085,0.0026818469632416964,0.0026818469632416964,0.33848580718040466,FALSE,FALSE,FALSE
116.01285603604117,-34.415742618977085,0.0028386348858475685,0.0028386348858475685,0.3392152190208435,FALSE,FALSE,FALSE
116.06159964439692,-34.415742618977085,0.0028740859124809504,0.0028740859124809504,0.3401000201702118,FALSE,FALSE,FALSE
116.11034325275267,-34.415742618977085,0.002928536618128419,0.002928536618128419,0.3415389955043793,FALSE,FALSE,FALSE
116.1590868611084,-34.415742618977085,0.004416295327246189,0.004416295327246189,0.34257972240448,FALSE,FALSE,FALSE
116.20783046946416,-34.415742618977085,0.0028486019000411034,0.0028486019000411034,0.34332647919654846,FALSE,FALSE,FALSE
116.25657407781989,-34.415742618977085,0.002974399132654071,0.002974399132654071,0.34802812337875366,FALSE,FALSE,FALSE
116.30531768617564,-34.415742618977085,9.420085116289556e-4,9.420085116289556e-4,0.35445788502693176,FALSE,FALSE,FALSE
116.35406129453138,-34.415742618977085,0,0,0.3589414358139038,FALSE,FALSE,FALSE
117.81636954520368,-34.415742618977085,0.34592801332473755,0.34592801332473755,0.34592801332473755,TRUE,TRUE,FALSE
141.65199403116225,-34.415742618977085,0,0,0.3833211064338684,FALSE,FALSE,FALSE
141.70073763951797,-34.415742618977085,0,0,0.37806928157806396,FALSE,FALSE,FALSE
141.74948124787372,-34.415742618977085,0,0,0.37181711196899414,FALSE,FALSE,FALSE
141.79822485622947,-34.415742618977085,0,0,0.3658774197101593,FALSE,FALSE,FALSE
141.84696846458522,-34.415742618977085,0,0,0.3608810007572174,FALSE,FALSE,FALSE
141.89571207294097,-34.415742618977085,0,0,0.3575231432914734,FALSE,FALSE,FALSE
141.9444556812967,-34.415742618977085,0,0,0.3552568554878235,FALSE,FALSE,FALSE
141.99319928965244,-34.415742618977085,0,0,0.3522486686706543,FALSE,FALSE,FALSE
150.42584353519607,-34.415742618977085,0,0,0.15309087932109833,FALSE,FALSE,FALSE
150.4745871435518,-34.415742618977085,0,0,0.1507447361946106,FALSE,FALSE,FALSE
150.52333075190754,-34.415742618977085,0,0,0.14745575189590454,FALSE,FALSE,FALSE
150.6695615769748,-34.415742618977085,0,0,0.13924989104270935,FALSE,FALSE,FALSE
150.7183051853305,-34.415742618977085,0,0,0.13435153663158417,FALSE,FALSE,FALSE
150.76704879368626,-34.415742618977085,0,0,0.16671769320964813,FALSE,FALSE,FALSE
150.815792402042,-34.415742618977085,0,0,0.28814762830734253,FALSE,FALSE,FALSE
150.86453601039776,-34.415742618977085,0,0,0.3629429042339325,FALSE,FALSE,FALSE
116.25657407781989,-34.46448622733283,0.002638715784996748,0.002638715784996748,0.3561457097530365,FALSE,FALSE,FALSE
116.30531768617564,-34.46448622733283,0.002834341721609235,0.002834341721609235,0.36078545451164246,FALSE,FALSE,FALSE
116.35406129453138,-34.46448622733283,0.002172961365431547,0.002172961365431547,0.36442264914512634,FALSE,FALSE,FALSE
141.65199403116225,-34.46448622733283,0,0,0.4033956229686737,FALSE,FALSE,FALSE
141.70073763951797,-34.46448622733283,0,0,0.39912456274032593,FALSE,FALSE,FALSE
141.74948124787372,-34.46448622733283,0,0,0.3932235538959503,FALSE,FALSE,FALSE
141.79822485622947,-34.46448622733283,0,0,0.3876044750213623,FALSE,FALSE,FALSE
141.84696846458522,-34.46448622733283,0,0,0.38270315527915955,FALSE,FALSE,FALSE
141.89571207294097,-34.46448622733283,0,0,0.3786174952983856,FALSE,FALSE,FALSE
141.9444556812967,-34.46448622733283,0,0,0.3740795850753784,FALSE,FALSE,FALSE
141.99319928965244,-34.46448622733283,0,0,0.36627963185310364,FALSE,FALSE,FALSE
150.4745871435518,-34.46448622733283,0,0,0.15126776695251465,FALSE,FALSE,FALSE
150.6695615769748,-34.46448622733283,0,0,0.13662759959697723,FALSE,FALSE,FALSE
150.7183051853305,-34.46448622733283,0,0,0.13409879803657532,FALSE,FALSE,FALSE
150.76704879368626,-34.46448622733283,0,0,0.17577947676181793,FALSE,FALSE,FALSE
150.815792402042,-34.46448622733283,0,0,0.2745802104473114,FALSE,FALSE,FALSE
116.45154851124286,-34.51322983568857,0.0020878289360553026,0.0020878289360553026,0.3805508613586426,FALSE,FALSE,FALSE
138.53240309639466,-34.51322983568857,0,0,0.146016925573349,FALSE,FALSE,FALSE
141.65199403116225,-34.51322983568857,0.0033027948811650276,0.0033027948811650276,0.4238608777523041,FALSE,FALSE,FALSE
141.70073763951797,-34.51322983568857,0.0014417321654036641,0.0014417321654036641,0.420559287071228,FALSE,FALSE,FALSE
141.74948124787372,-34.51322983568857,0,0,0.41504618525505066,FALSE,FALSE,FALSE
141.79822485622947,-34.51322983568857,1.3047228276263922e-4,1.3047228276263922e-4,0.40972837805747986,FALSE,FALSE,FALSE
141.84696846458522,-34.51322983568857,5.571783403865993e-4,5.571783403865993e-4,0.4047311842441559,FALSE,FALSE,FALSE
141.89571207294097,-34.51322983568857,6.051520467735827e-4,6.051520467735827e-4,0.39950433373451233,FALSE,FALSE,FALSE
141.9444556812967,-34.51322983568857,0,0,0.39219534397125244,FALSE,FALSE,FALSE
141.99319928965244,-34.51322983568857,0,0,0.3811047375202179,FALSE,FALSE,FALSE
142.0419428980082,-34.51322983568857,0,0,0.36921676993370056,FALSE,FALSE,FALSE
150.37709992684032,-34.51322983568857,0,0,0.16552934050559998,FALSE,FALSE,FALSE
150.42584353519607,-34.51322983568857,0,0,0.16203130781650543,FALSE,FALSE,FALSE
150.6695615769748,-34.51322983568857,0,0,0.1393011212348938,FALSE,FALSE,FALSE
150.7183051853305,-34.51322983568857,0,0,0.15606534481048584,FALSE,FALSE,FALSE
150.76704879368626,-34.51322983568857,0,0,0.19723837077617645,FALSE,FALSE,FALSE
150.815792402042,-34.51322983568857,0,0,0.23848344385623932,FALSE,FALSE,FALSE
116.50029211959861,-34.56197344404431,0.004192536696791649,0.004192536696791649,0.38869336247444153,FALSE,FALSE,FALSE
138.53240309639466,-34.56197344404431,0,0,0.13977333903312683,FALSE,FALSE,FALSE
141.65199403116225,-34.56197344404431,0.0015076829586178064,0.0015076829586178064,0.4441061019897461,FALSE,FALSE,TRUE
141.70073763951797,-34.56197344404431,6.493547698482871e-4,6.493547698482871e-4,0.4418449401855469,FALSE,FALSE,TRUE
141.74948124787372,-34.56197344404431,4.587522998917848e-4,4.587522998917848e-4,0.43562939763069153,FALSE,FALSE,TRUE
141.79822485622947,-34.56197344404431,0.002237308071926236,0.002237308071926236,0.4297294318675995,FALSE,FALSE,FALSE
141.84696846458522,-34.56197344404431,0.004145625047385693,0.004145625047385693,0.4261051118373871,FALSE,FALSE,FALSE
141.89571207294097,-34.56197344404431,0.002927178516983986,0.002927178516983986,0.418853759765625,FALSE,FALSE,FALSE
141.9444556812967,-34.56197344404431,4.864538204856217e-4,4.864538204856217e-4,0.40821754932403564,FALSE,FALSE,FALSE
141.99319928965244,-34.56197344404431,0.0016977471532300115,0.0016977471532300115,0.395799458026886,FALSE,FALSE,FALSE
142.0419428980082,-34.56197344404431,0.0018375127110630274,0.0018375127110630274,0.3836398124694824,FALSE,FALSE,FALSE
142.0906865063639,-34.56197344404431,7.314006215892732e-4,7.314006215892732e-4,0.37197792530059814,FALSE,FALSE,FALSE
142.13943011471966,-34.56197344404431,0,0,0.36376142501831055,FALSE,FALSE,FALSE
142.1881737230754,-34.56197344404431,0,0,0.3579857349395752,FALSE,FALSE,FALSE
150.32835631848457,-34.56197344404431,0,0,0.1699654459953308,FALSE,FALSE,FALSE
150.37709992684032,-34.56197344404431,0,0,0.16905243694782257,FALSE,FALSE,FALSE
150.7183051853305,-34.56197344404431,0,0,0.21074818074703217,FALSE,FALSE,FALSE
150.76704879368626,-34.56197344404431,0,0,0.25383907556533813,FALSE,FALSE,FALSE
150.815792402042,-34.56197344404431,0,0,0.2614201605319977,FALSE,FALSE,FALSE
150.86453601039776,-34.56197344404431,0,0,0.2574634552001953,FALSE,FALSE,FALSE
116.5977793363101,-34.61071705240006,0.0484205037355423,0.0484205037355423,0.39560526609420776,FALSE,FALSE,FALSE
116.64652294466585,-34.61071705240006,0.02989354357123375,0.02989354357123375,0.39548826217651367,FALSE,FALSE,FALSE
116.69526655302158,-34.61071705240006,0.004596843384206295,0.004596843384206295,0.3953285217285156,FALSE,FALSE,FALSE
138.58114670475038,-34.61071705240006,0,0,0.13139717280864716,FALSE,FALSE,FALSE
138.62989031310613,-34.61071705240006,0,0,0.1295013427734375,FALSE,FALSE,FALSE
138.67863392146188,-34.61071705240006,0,0,0.12508617341518402,FALSE,FALSE,FALSE
141.84696846458522,-34.61071705240006,0.001659488189034164,0.001659488189034164,0.4411291480064392,FALSE,FALSE,TRUE
141.89571207294097,-34.61071705240006,0.0012902265880256891,0.0012902265880256891,0.4309608042240143,FALSE,FALSE,FALSE
141.9444556812967,-34.61071705240006,0.0011237988946959376,0.0011237988946959376,0.4176614284515381,FALSE,FALSE,FALSE
141.99319928965244,-34.61071705240006,0.003845327300950885,0.003845327300950885,0.403818815946579,FALSE,FALSE,FALSE
142.0419428980082,-34.61071705240006,0.0026879049837589264,0.0026879049837589264,0.3922185003757477,FALSE,FALSE,FALSE
142.0906865063639,-34.61071705240006,0.0012872421648353338,0.0012872421648353338,0.3834408223628998,FALSE,FALSE,FALSE
142.13943011471966,-34.61071705240006,0.0017665113555267453,0.0017665113555267453,0.3718630075454712,FALSE,FALSE,FALSE
142.1881737230754,-34.61071705240006,0.004059967584908009,0.004059967584908009,0.3625829815864563,FALSE,FALSE,FALSE
142.23691733143116,-34.61071705240006,0.005567173473536968,0.005567173473536968,0.35629910230636597,FALSE,FALSE,FALSE
150.27961271012882,-34.61071705240006,0,0,0.17289836704730988,FALSE,FALSE,FALSE
150.32835631848457,-34.61071705240006,0,0,0.1718638688325882,FALSE,FALSE,FALSE
150.37709992684032,-34.61071705240006,0,0,0.17129988968372345,FALSE,FALSE,FALSE
150.6695615769748,-34.61071705240006,0,0,0.28797438740730286,FALSE,FALSE,FALSE
150.7183051853305,-34.61071705240006,0,0,0.27166247367858887,FALSE,FALSE,FALSE
150.76704879368626,-34.61071705240006,0,0,0.26278382539749146,FALSE,FALSE,FALSE
150.815792402042,-34.61071705240006,0,0,0.20760105550289154,FALSE,FALSE,FALSE
117.86511315355943,-34.6594606607558,0.31222784519195557,0.31222784519195557,0.31222784519195557,TRUE,TRUE,FALSE
138.8248647465291,-34.6594606607558,0.10898095369338989,0.10898095369338989,0.13965129852294922,FALSE,FALSE,FALSE
138.87360835488485,-34.6594606607558,0.019844476133584976,0.019844476133584976,0.1471680849790573,FALSE,FALSE,FALSE
142.23691733143116,-34.6594606607558,0.0013248724862933159,0.0013248724862933159,0.36475858092308044,FALSE,FALSE,FALSE
142.2856609397869,-34.6594606607558,0,0,0.36696094274520874,FALSE,FALSE,FALSE
150.23086910177307,-34.6594606607558,0,0,0.1757841855287552,FALSE,FALSE,FALSE
150.27961271012882,-34.6594606607558,0,0,0.17513318359851837,FALSE,FALSE,FALSE
150.32835631848457,-34.6594606607558,0,0,0.17441554367542267,FALSE,FALSE,FALSE
150.62081796861904,-34.6594606607558,0,0,0.22232818603515625,FALSE,FALSE,FALSE
150.6695615769748,-34.6594606607558,0,0,0.28906965255737305,FALSE,FALSE,FALSE
150.7183051853305,-34.6594606607558,0,0,0.2443675547838211,FALSE,FALSE,FALSE
150.76704879368626,-34.6594606607558,0,0,0.21142475306987762,FALSE,FALSE,FALSE
150.815792402042,-34.6594606607558,0,0,0.1597663313150406,FALSE,FALSE,FALSE
150.1333818850616,-34.70820426911155,0,0,0.1760960817337036,FALSE,FALSE,FALSE
150.18212549341735,-34.70820426911155,0,0,0.17894643545150757,FALSE,FALSE,FALSE
150.23086910177307,-34.70820426911155,0,0,0.1789267510175705,FALSE,FALSE,FALSE
150.27961271012882,-34.70820426911155,0,0,0.1782274693250656,FALSE,FALSE,FALSE
150.32835631848457,-34.70820426911155,0,0,0.17671145498752594,FALSE,FALSE,FALSE
150.5720743602633,-34.70820426911155,0,0,0.16125079989433289,FALSE,FALSE,FALSE
150.62081796861904,-34.70820426911155,0,0,0.18367765843868256,FALSE,FALSE,FALSE
150.6695615769748,-34.70820426911155,0,0,0.23123839497566223,FALSE,FALSE,FALSE
150.7183051853305,-34.70820426911155,0,0,0.17067041993141174,FALSE,FALSE,FALSE
150.76704879368626,-34.70820426911155,0,0,0.15421223640441895,FALSE,FALSE,FALSE
116.9389845948003,-34.75694787746729,0.005864364560693502,0.005864364560693502,0.3800578713417053,FALSE,FALSE,FALSE
118.15757480369389,-34.75694787746729,0.3111051321029663,0.3111051321029663,0.3111051321029663,TRUE,TRUE,FALSE
141.65199403116225,-34.75694787746729,0,0,0.5092760324478149,FALSE,FALSE,TRUE
141.70073763951797,-34.75694787746729,0,0,0.5049853324890137,FALSE,FALSE,TRUE
141.74948124787372,-34.75694787746729,0,0,0.4986061155796051,FALSE,FALSE,TRUE
141.84696846458522,-34.75694787746729,0,0,0.4802950620651245,FALSE,FALSE,TRUE
150.08463827670585,-34.75694787746729,0,0,0.17404088377952576,FALSE,FALSE,FALSE
150.1333818850616,-34.75694787746729,0,0,0.18021321296691895,FALSE,FALSE,FALSE
150.18212549341735,-34.75694787746729,0,0,0.1837330311536789,FALSE,FALSE,FALSE
150.23086910177307,-34.75694787746729,0,0,0.18298475444316864,FALSE,FALSE,FALSE
150.27961271012882,-34.75694787746729,0,0,0.1812088042497635,FALSE,FALSE,FALSE
150.62081796861904,-34.75694787746729,0,0,0.1502830535173416,FALSE,FALSE,FALSE
150.6695615769748,-34.75694787746729,0,0,0.15717898309230804,FALSE,FALSE,FALSE
150.7183051853305,-34.75694787746729,0,0,0.14783835411071777,FALSE,FALSE,FALSE
138.72737752981763,-34.80569148582303,0.12285725027322769,0.12285725027322769,0.12206970155239105,FALSE,TRUE,FALSE
141.65199403116225,-34.80569148582303,0,0,0.5067503452301025,FALSE,FALSE,TRUE
141.70073763951797,-34.80569148582303,0,0,0.5040268898010254,FALSE,FALSE,TRUE
141.74948124787372,-34.80569148582303,0,0,0.4999336898326874,FALSE,FALSE,TRUE
141.79822485622947,-34.80569148582303,0,0,0.4929301142692566,FALSE,FALSE,TRUE
141.84696846458522,-34.80569148582303,0,0,0.4841202199459076,FALSE,FALSE,TRUE
141.89571207294097,-34.80569148582303,0,0,0.4768126606941223,FALSE,FALSE,TRUE
141.9444556812967,-34.80569148582303,0,0,0.4658445417881012,FALSE,FALSE,TRUE
141.99319928965244,-34.80569148582303,0,0,0.4543870985507965,FALSE,FALSE,TRUE
142.0419428980082,-34.80569148582303,0,0,0.4468105435371399,FALSE,FALSE,TRUE
149.98715105999437,-34.80569148582303,0,0,0.1685652881860733,FALSE,FALSE,FALSE
150.03589466835012,-34.80569148582303,0,0,0.1724538803100586,FALSE,FALSE,FALSE
150.08463827670585,-34.80569148582303,0,0,0.17785462737083435,FALSE,FALSE,FALSE
150.1333818850616,-34.80569148582303,0,0,0.18468277156352997,FALSE,FALSE,FALSE
150.18212549341735,-34.80569148582303,0,0,0.1879362016916275,FALSE,FALSE,FALSE
150.23086910177307,-34.80569148582303,0,0,0.1876729130744934,FALSE,FALSE,FALSE
150.62081796861904,-34.80569148582303,0,0,0.14321257174015045,FALSE,FALSE,FALSE
150.6695615769748,-34.80569148582303,0,0,0.14539745450019836,FALSE,FALSE,FALSE
141.65199403116225,-34.854435094178776,0,0,0.503562867641449,FALSE,FALSE,TRUE
141.70073763951797,-34.854435094178776,0,0,0.5011892318725586,FALSE,FALSE,TRUE
141.74948124787372,-34.854435094178776,0,0,0.4981127381324768,FALSE,FALSE,TRUE
141.79822485622947,-34.854435094178776,0,0,0.49326586723327637,FALSE,FALSE,TRUE
141.84696846458522,-34.854435094178776,0,0,0.4867052435874939,FALSE,FALSE,TRUE
149.93840745163862,-34.854435094178776,0,0,0.17220592498779297,FALSE,FALSE,FALSE
149.98715105999437,-34.854435094178776,0,0,0.17395111918449402,FALSE,FALSE,FALSE
150.03589466835012,-34.854435094178776,0,0,0.17798464000225067,FALSE,FALSE,FALSE
150.08463827670585,-34.854435094178776,0,0,0.18338550627231598,FALSE,FALSE,FALSE
150.1333818850616,-34.854435094178776,0,0,0.18919332325458527,FALSE,FALSE,FALSE
150.18212549341735,-34.854435094178776,0,0,0.19227607548236847,FALSE,FALSE,FALSE
150.23086910177307,-34.854435094178776,0,0,0.1919107586145401,FALSE,FALSE,FALSE
150.62081796861904,-34.854435094178776,0,0,0.14628498256206512,FALSE,FALSE,FALSE
150.6695615769748,-34.854435094178776,0,0,0.14908897876739502,FALSE,FALSE,FALSE
150.7183051853305,-34.854435094178776,0,0,0.15199396014213562,FALSE,FALSE,FALSE
141.6032504228065,-34.90317870253452,0,0,0.5019057989120483,FALSE,FALSE,TRUE
141.65199403116225,-34.90317870253452,0,0,0.49996647238731384,FALSE,FALSE,TRUE
141.70073763951797,-34.90317870253452,0,0,0.4976641535758972,FALSE,FALSE,TRUE
141.74948124787372,-34.90317870253452,0,0,0.4950208365917206,FALSE,FALSE,TRUE
149.84092023492713,-34.90317870253452,0,0,0.17733575403690338,FALSE,FALSE,FALSE
149.88966384328288,-34.90317870253452,0,0,0.1780284345149994,FALSE,FALSE,FALSE
149.93840745163862,-34.90317870253452,0,0,0.17875461280345917,FALSE,FALSE,FALSE
149.98715105999437,-34.90317870253452,0,0,0.18174514174461365,FALSE,FALSE,FALSE
150.03589466835012,-34.90317870253452,0,0,0.18544577062129974,FALSE,FALSE,FALSE
150.08463827670585,-34.90317870253452,0,0,0.1902124136686325,FALSE,FALSE,FALSE
150.1333818850616,-34.90317870253452,0,0,0.1947295069694519,FALSE,FALSE,FALSE
150.18212549341735,-34.90317870253452,0,0,0.1963210254907608,FALSE,FALSE,FALSE
150.7183051853305,-34.90317870253452,0,0,0.1574031114578247,FALSE,FALSE,FALSE
138.58114670475038,-34.95192231089027,0.10903938859701157,0.10903938859701157,0.10903938859701157,FALSE,FALSE,FALSE
149.84092023492713,-34.95192231089027,0,0,0.18221233785152435,FALSE,FALSE,FALSE
149.88966384328288,-34.95192231089027,0,0,0.18488368391990662,FALSE,FALSE,FALSE
149.93840745163862,-34.95192231089027,0,0,0.18742910027503967,FALSE,FALSE,FALSE
149.98715105999437,-34.95192231089027,0,0,0.1902429163455963,FALSE,FALSE,FALSE
150.03589466835012,-34.95192231089027,0,0,0.19368046522140503,FALSE,FALSE,FALSE
150.08463827670585,-34.95192231089027,0,0,0.19773158431053162,FALSE,FALSE,FALSE
150.1333818850616,-34.95192231089027,0,0,0.2000209242105484,FALSE,FALSE,FALSE
150.18212549341735,-34.95192231089027,0,0,0.2001052349805832,FALSE,FALSE,FALSE
138.62989031310613,-35.000665919246,0.111106276512146,0.111106276512146,0.111106276512146,FALSE,FALSE,FALSE
149.64594580150415,-35.000665919246,0,0,0.17334936559200287,FALSE,FALSE,FALSE
149.6946894098599,-35.000665919246,0,0,0.1757761687040329,FALSE,FALSE,FALSE
149.74343301821565,-35.000665919246,0,0,0.18060703575611115,FALSE,FALSE,FALSE
149.7921766265714,-35.000665919246,0,0,0.1857934147119522,FALSE,FALSE,FALSE
149.84092023492713,-35.000665919246,0,0,0.19088473916053772,FALSE,FALSE,FALSE
149.88966384328288,-35.000665919246,0,0,0.19401006400585175,FALSE,FALSE,FALSE
149.93840745163862,-35.000665919246,0,0,0.19650068879127502,FALSE,FALSE,FALSE
149.98715105999437,-35.000665919246,0,0,0.1991630643606186,FALSE,FALSE,FALSE
150.03589466835012,-35.000665919246,0,0,0.2022288590669632,FALSE,FALSE,FALSE
150.08463827670585,-35.000665919246,0,0,0.20519393682479858,FALSE,FALSE,FALSE
150.1333818850616,-35.000665919246,0,0,0.20695066452026367,FALSE,FALSE,FALSE
149.49971497643693,-35.04940952760175,0,0,0.16918089985847473,FALSE,FALSE,FALSE
149.54845858479268,-35.04940952760175,0,0,0.1724267452955246,FALSE,FALSE,FALSE
149.5972021931484,-35.04940952760175,0,0,0.17630843818187714,FALSE,FALSE,FALSE
149.64594580150415,-35.04940952760175,0,0,0.17986004054546356,FALSE,FALSE,FALSE
149.6946894098599,-35.04940952760175,0,0,0.183695986866951,FALSE,FALSE,FALSE
149.74343301821565,-35.04940952760175,0,0,0.18817982077598572,FALSE,FALSE,FALSE
149.7921766265714,-35.04940952760175,0,0,0.1932467371225357,FALSE,FALSE,FALSE
149.84092023492713,-35.04940952760175,0,0,0.1988002508878708,FALSE,FALSE,FALSE
149.88966384328288,-35.04940952760175,0,0,0.20295442640781403,FALSE,FALSE,FALSE
149.93840745163862,-35.04940952760175,0,0,0.20577247440814972,FALSE,FALSE,FALSE
149.98715105999437,-35.04940952760175,0,0,0.20812653005123138,FALSE,FALSE,FALSE
150.03589466835012,-35.04940952760175,0,0,0.21022610366344452,FALSE,FALSE,FALSE
150.08463827670585,-35.04940952760175,0,0,0.21119357645511627,FALSE,FALSE,FALSE
150.1333818850616,-35.04940952760175,0,0,0.21004192531108856,FALSE,FALSE,FALSE
149.35348415136968,-35.09815313595749,0,0,0.14304044842720032,FALSE,FALSE,FALSE
149.40222775972543,-35.09815313595749,0,0,0.15103714168071747,FALSE,FALSE,FALSE
149.45097136808118,-35.09815313595749,0,0,0.1593402624130249,FALSE,FALSE,FALSE
149.49971497643693,-35.09815313595749,0,0,0.16753700375556946,FALSE,FALSE,FALSE
149.54845858479268,-35.09815313595749,0,0,0.17495113611221313,FALSE,FALSE,FALSE
149.5972021931484,-35.09815313595749,0,0,0.18147020041942596,FALSE,FALSE,FALSE
149.64594580150415,-35.09815313595749,0,0,0.1871025711297989,FALSE,FALSE,FALSE
149.6946894098599,-35.09815313595749,0,0,0.19201789796352386,FALSE,FALSE,FALSE
149.74343301821565,-35.09815313595749,0,0,0.19639018177986145,FALSE,FALSE,FALSE
149.7921766265714,-35.09815313595749,0,0,0.20112863183021545,FALSE,FALSE,FALSE
149.84092023492713,-35.09815313595749,0,0,0.2064284384250641,FALSE,FALSE,FALSE
149.88966384328288,-35.09815313595749,0,0,0.2113264799118042,FALSE,FALSE,FALSE
149.93840745163862,-35.09815313595749,0,0,0.2145475447177887,FALSE,FALSE,FALSE
149.98715105999437,-35.09815313595749,0,0,0.21607010066509247,FALSE,FALSE,FALSE
150.03589466835012,-35.09815313595749,0,0,0.21626229584217072,FALSE,FALSE,FALSE
150.08463827670585,-35.09815313595749,0,0,0.21479947865009308,FALSE,FALSE,FALSE
149.15850971794674,-35.14689674431324,0,0,0.13548865914344788,FALSE,FALSE,FALSE
149.20725332630246,-35.14689674431324,0,0,0.1377231329679489,FALSE,FALSE,FALSE
149.2559969346582,-35.14689674431324,0,0,0.1379982978105545,FALSE,FALSE,FALSE
149.30474054301396,-35.14689674431324,0,0,0.13958895206451416,FALSE,FALSE,FALSE
149.35348415136968,-35.14689674431324,0,0,0.14302092790603638,FALSE,FALSE,FALSE
149.40222775972543,-35.14689674431324,0,0,0.14971725642681122,FALSE,FALSE,FALSE
149.45097136808118,-35.14689674431324,0,0,0.15752355754375458,FALSE,FALSE,FALSE
149.49971497643693,-35.14689674431324,0,0,0.16587607562541962,FALSE,FALSE,FALSE
149.54845858479268,-35.14689674431324,0,0,0.17447322607040405,FALSE,FALSE,FALSE
149.5972021931484,-35.14689674431324,0,0,0.18297569453716278,FALSE,FALSE,FALSE
149.64594580150415,-35.14689674431324,0,0,0.19114799797534943,FALSE,FALSE,FALSE
149.6946894098599,-35.14689674431324,0,0,0.19852584600448608,FALSE,FALSE,FALSE
149.74343301821565,-35.14689674431324,0,0,0.2043246328830719,FALSE,FALSE,FALSE
149.7921766265714,-35.14689674431324,0,0,0.2094496786594391,FALSE,FALSE,FALSE
149.84092023492713,-35.14689674431324,0,0,0.214503213763237,FALSE,FALSE,FALSE
149.88966384328288,-35.14689674431324,0,0,0.21915283799171448,FALSE,FALSE,FALSE
149.93840745163862,-35.14689674431324,0,0,0.22190462052822113,FALSE,FALSE,FALSE
149.98715105999437,-35.14689674431324,0,0,0.2220699042081833,FALSE,FALSE,FALSE
150.03589466835012,-35.14689674431324,0,0,0.2210276871919632,FALSE,FALSE,FALSE
149.15850971794674,-35.19564035266898,0,0,0.131432443857193,FALSE,FALSE,FALSE
149.20725332630246,-35.19564035266898,0,0,0.13244087994098663,FALSE,FALSE,FALSE
149.2559969346582,-35.19564035266898,0,0,0.1345883458852768,FALSE,FALSE,FALSE
149.30474054301396,-35.19564035266898,0,0,0.1396539956331253,FALSE,FALSE,FALSE
149.35348415136968,-35.19564035266898,0,0,0.1447135955095291,FALSE,FALSE,FALSE
149.40222775972543,-35.19564035266898,0,0,0.15057124197483063,FALSE,FALSE,FALSE
149.45097136808118,-35.19564035266898,0,0,0.1574404239654541,FALSE,FALSE,FALSE
149.49971497643693,-35.19564035266898,0,0,0.16547974944114685,FALSE,FALSE,FALSE
149.54845858479268,-35.19564035266898,0,0,0.17409658432006836,FALSE,FALSE,FALSE
149.5972021931484,-35.19564035266898,0,0,0.18303164839744568,FALSE,FALSE,FALSE
149.64594580150415,-35.19564035266898,0,0,0.19211159646511078,FALSE,FALSE,FALSE
149.6946894098599,-35.19564035266898,0,0,0.20090821385383606,FALSE,FALSE,FALSE
149.74343301821565,-35.19564035266898,0,0,0.20905537903308868,FALSE,FALSE,FALSE
149.7921766265714,-35.19564035266898,0,0,0.21610140800476074,FALSE,FALSE,FALSE
149.84092023492713,-35.19564035266898,0,0,0.2221316546201706,FALSE,FALSE,FALSE
149.88966384328288,-35.19564035266898,0,0,0.2263030707836151,FALSE,FALSE,FALSE
149.93840745163862,-35.19564035266898,0,0,0.2277507185935974,FALSE,FALSE,FALSE
149.98715105999437,-35.19564035266898,0,0,0.22658699750900269,FALSE,FALSE,FALSE
150.03589466835012,-35.19564035266898,0,0,0.22289593517780304,FALSE,FALSE,FALSE
149.20725332630246,-35.244383961024724,0,0,0.129811629652977,FALSE,FALSE,FALSE
149.2559969346582,-35.244383961024724,0,0,0.1352803260087967,FALSE,FALSE,FALSE
149.30474054301396,-35.244383961024724,0,0,0.14087942242622375,FALSE,FALSE,FALSE
149.35348415136968,-35.244383961024724,0,0,0.14712055027484894,FALSE,FALSE,FALSE
149.40222775972543,-35.244383961024724,0,0,0.15327443182468414,FALSE,FALSE,FALSE
149.45097136808118,-35.244383961024724,0,0,0.159797802567482,FALSE,FALSE,FALSE
149.49971497643693,-35.244383961024724,0,0,0.16734689474105835,FALSE,FALSE,FALSE
149.54845858479268,-35.244383961024724,0,0,0.1756441444158554,FALSE,FALSE,FALSE
149.5972021931484,-35.244383961024724,0,0,0.18440695106983185,FALSE,FALSE,FALSE
149.64594580150415,-35.244383961024724,0,0,0.1933746337890625,FALSE,FALSE,FALSE
149.6946894098599,-35.244383961024724,0,0,0.20243291556835175,FALSE,FALSE,FALSE
149.74343301821565,-35.244383961024724,0,0,0.21138566732406616,FALSE,FALSE,FALSE
149.7921766265714,-35.244383961024724,0,0,0.21993328630924225,FALSE,FALSE,FALSE
149.84092023492713,-35.244383961024724,0,0,0.22713957726955414,FALSE,FALSE,FALSE
149.88966384328288,-35.244383961024724,0,0,0.231109157204628,FALSE,FALSE,FALSE
149.93840745163862,-35.244383961024724,0,0,0.2315966933965683,FALSE,FALSE,FALSE
149.98715105999437,-35.244383961024724,0,0,0.22995512187480927,FALSE,FALSE,FALSE
149.2559969346582,-35.29312756938047,0,0,0.13738471269607544,FALSE,FALSE,FALSE
149.30474054301396,-35.29312756938047,0,0,0.14181864261627197,FALSE,FALSE,FALSE
149.35348415136968,-35.29312756938047,0,0,0.14912594854831696,FALSE,FALSE,FALSE
149.40222775972543,-35.29312756938047,0,0,0.1565251648426056,FALSE,FALSE,FALSE
149.45097136808118,-35.29312756938047,0,0,0.16378045082092285,FALSE,FALSE,FALSE
149.49971497643693,-35.29312756938047,0,0,0.171243354678154,FALSE,FALSE,FALSE
149.54845858479268,-35.29312756938047,0,0,0.17928215861320496,FALSE,FALSE,FALSE
149.5972021931484,-35.29312756938047,0,0,0.18774931132793427,FALSE,FALSE,FALSE
149.64594580150415,-35.29312756938047,0,0,0.19645141065120697,FALSE,FALSE,FALSE
149.6946894098599,-35.29312756938047,0,0,0.2053263783454895,FALSE,FALSE,FALSE
149.74343301821565,-35.29312756938047,0,0,0.21422399580478668,FALSE,FALSE,FALSE
149.7921766265714,-35.29312756938047,0,0,0.22266633808612823,FALSE,FALSE,FALSE
149.84092023492713,-35.29312756938047,0,0,0.2291426807641983,FALSE,FALSE,FALSE
149.88966384328288,-35.29312756938047,0,0,0.23192423582077026,FALSE,FALSE,FALSE
149.93840745163862,-35.29312756938047,0,0,0.23232848942279816,FALSE,FALSE,FALSE
149.98715105999437,-35.29312756938047,0,0,0.23145563900470734,FALSE,FALSE,FALSE
149.35348415136968,-35.34187117773621,0,0,0.15043117105960846,FALSE,FALSE,FALSE
149.40222775972543,-35.34187117773621,0,0,0.15913759171962738,FALSE,FALSE,FALSE
149.45097136808118,-35.34187117773621,0,0,0.16783355176448822,FALSE,FALSE,FALSE
149.49971497643693,-35.34187117773621,0,0,0.17598792910575867,FALSE,FALSE,FALSE
149.54845858479268,-35.34187117773621,0,0,0.18431583046913147,FALSE,FALSE,FALSE
149.5972021931484,-35.34187117773621,0,0,0.19277626276016235,FALSE,FALSE,FALSE
149.64594580150415,-35.34187117773621,0,0,0.2012658268213272,FALSE,FALSE,FALSE
149.6946894098599,-35.34187117773621,0,0,0.20979909598827362,FALSE,FALSE,FALSE
149.74343301821565,-35.34187117773621,0,0,0.21819087862968445,FALSE,FALSE,FALSE
149.7921766265714,-35.34187117773621,0,0,0.22536906599998474,FALSE,FALSE,FALSE
149.84092023492713,-35.34187117773621,0,0,0.22926311194896698,FALSE,FALSE,FALSE
149.88966384328288,-35.34187117773621,0,0,0.23026297986507416,FALSE,FALSE,FALSE
149.93840745163862,-35.34187117773621,0,0,0.23072481155395508,FALSE,FALSE,FALSE
149.35348415136968,-35.39061478609196,0,0,0.15282337367534637,FALSE,FALSE,FALSE
149.40222775972543,-35.39061478609196,0,0,0.16188478469848633,FALSE,FALSE,FALSE
149.45097136808118,-35.39061478609196,0,0,0.17109830677509308,FALSE,FALSE,FALSE
149.49971497643693,-35.39061478609196,0,0,0.18015506863594055,FALSE,FALSE,FALSE
149.54845858479268,-35.39061478609196,0,0,0.18925517797470093,FALSE,FALSE,FALSE
149.5972021931484,-35.39061478609196,0,0,0.19825240969657898,FALSE,FALSE,FALSE
149.64594580150415,-35.39061478609196,0,0,0.20700262486934662,FALSE,FALSE,FALSE
149.6946894098599,-35.39061478609196,0,0,0.21542218327522278,FALSE,FALSE,FALSE
149.74343301821565,-35.39061478609196,0,0,0.2230289727449417,FALSE,FALSE,FALSE
149.7921766265714,-35.39061478609196,0,0,0.22759194672107697,FALSE,FALSE,FALSE
149.84092023492713,-35.39061478609196,0,0,0.22851917147636414,FALSE,FALSE,FALSE
149.88966384328288,-35.39061478609196,0,0,0.2287178933620453,FALSE,FALSE,FALSE
149.40222775972543,-35.439358394447694,0,0,0.16806182265281677,FALSE,FALSE,FALSE
149.45097136808118,-35.439358394447694,0,0,0.17559194564819336,FALSE,FALSE,FALSE
149.49971497643693,-35.439358394447694,0,0,0.18464501202106476,FALSE,FALSE,FALSE
149.54845858479268,-35.439358394447694,0,0,0.19388329982757568,FALSE,FALSE,FALSE
149.5972021931484,-35.439358394447694,0,0,0.20316267013549805,FALSE,FALSE,FALSE
149.64594580150415,-35.439358394447694,0,0,0.21236389875411987,FALSE,FALSE,FALSE
149.6946894098599,-35.439358394447694,0,0,0.22110499441623688,FALSE,FALSE,FALSE
149.74343301821565,-35.439358394447694,0,0,0.22730782628059387,FALSE,FALSE,FALSE
149.7921766265714,-35.439358394447694,0,0,0.22849777340888977,FALSE,FALSE,FALSE
149.84092023492713,-35.439358394447694,6.176258466439322e-5,6.176258466439322e-5,0.22834093868732452,FALSE,FALSE,FALSE
149.88966384328288,-35.439358394447694,3.5556446528062224e-4,3.5556446528062224e-4,0.22801044583320618,FALSE,FALSE,FALSE
149.93840745163862,-35.439358394447694,6.467115599662066e-4,6.467115599662066e-4,0.2278209775686264,FALSE,FALSE,FALSE
148.96353528452374,-35.488102002803444,0,0,0.16813620924949646,FALSE,FALSE,FALSE
149.40222775972543,-35.488102002803444,0,0,0.17362503707408905,FALSE,FALSE,FALSE
149.45097136808118,-35.488102002803444,0,0,0.18228890001773834,FALSE,FALSE,FALSE
149.49971497643693,-35.488102002803444,0,0,0.19086316227912903,FALSE,FALSE,FALSE
149.54845858479268,-35.488102002803444,0,0,0.19975517690181732,FALSE,FALSE,FALSE
149.5972021931484,-35.488102002803444,0,0,0.2087569683790207,FALSE,FALSE,FALSE
149.64594580150415,-35.488102002803444,0,0,0.21773222088813782,FALSE,FALSE,FALSE
149.6946894098599,-35.488102002803444,0,0,0.22584593296051025,FALSE,FALSE,FALSE
149.74343301821565,-35.488102002803444,0,0,0.22888636589050293,FALSE,FALSE,FALSE
149.7921766265714,-35.488102002803444,0,0,0.2291305810213089,FALSE,FALSE,FALSE
149.84092023492713,-35.488102002803444,1.0537102934904397e-4,1.0537102934904397e-4,0.22872546315193176,FALSE,FALSE,FALSE
149.88966384328288,-35.488102002803444,4.119469958823174e-4,4.119469958823174e-4,0.2282482236623764,FALSE,FALSE,FALSE
149.93840745163862,-35.488102002803444,6.179993506520987e-4,6.179993506520987e-4,0.22795283794403076,FALSE,FALSE,FALSE
148.1348939424761,-35.53684561115918,0.2508925199508667,0.2508925199508667,0.2508925199508667,TRUE,TRUE,FALSE
148.62233002603355,-35.53684561115918,0,0,0.20892496407032013,FALSE,FALSE,FALSE
148.6710736343893,-35.53684561115918,0,0,0.20858091115951538,FALSE,FALSE,FALSE
148.71981724274502,-35.53684561115918,0,0,0.20778484642505646,FALSE,FALSE,FALSE
148.76856085110077,-35.53684561115918,0,0,0.2143041044473648,FALSE,FALSE,FALSE
148.81730445945652,-35.53684561115918,0,0,0.25420379638671875,FALSE,FALSE,FALSE
148.86604806781227,-35.53684561115918,0,0,0.36736762523651123,FALSE,FALSE,FALSE
148.91479167616802,-35.53684561115918,0,0,0.30048665404319763,FALSE,FALSE,FALSE
148.96353528452374,-35.53684561115918,0,0,0.1991289108991623,FALSE,FALSE,FALSE
149.49971497643693,-35.53684561115918,0,0,0.19731368124485016,FALSE,FALSE,FALSE
149.54845858479268,-35.53684561115918,0,0,0.20592442154884338,FALSE,FALSE,FALSE
149.5972021931484,-35.53684561115918,0,0,0.21450462937355042,FALSE,FALSE,FALSE
149.64594580150415,-35.53684561115918,0,0,0.2229912132024765,FALSE,FALSE,FALSE
149.6946894098599,-35.53684561115918,0,0,0.2288326770067215,FALSE,FALSE,FALSE
149.74343301821565,-35.53684561115918,0,0,0.22997751832008362,FALSE,FALSE,FALSE
149.7921766265714,-35.53684561115918,0,0,0.22962509095668793,FALSE,FALSE,FALSE
149.84092023492713,-35.53684561115918,1.8252001609653234e-5,1.8252001609653234e-5,0.2291887104511261,FALSE,FALSE,FALSE
149.88966384328288,-35.53684561115918,8.118015830405056e-5,8.118015830405056e-5,0.22883838415145874,FALSE,FALSE,FALSE
148.86604806781227,-35.58558921951493,0,0,0.35167786478996277,FALSE,FALSE,FALSE
148.91479167616802,-35.58558921951493,0,0,0.25937822461128235,FALSE,FALSE,FALSE
148.96353528452374,-35.58558921951493,0,0,0.189039409160614,FALSE,FALSE,FALSE
149.54845858479268,-35.58558921951493,0,0,0.21004390716552734,FALSE,FALSE,FALSE
149.5972021931484,-35.58558921951493,0,0,0.21858322620391846,FALSE,FALSE,FALSE
149.64594580150415,-35.58558921951493,0,0,0.22652976214885712,FALSE,FALSE,FALSE
149.6946894098599,-35.58558921951493,0,0,0.23110738396644592,FALSE,FALSE,FALSE
149.74343301821565,-35.58558921951493,0,0,0.2317008674144745,FALSE,FALSE,FALSE
149.7921766265714,-35.58558921951493,0,0,0.23062831163406372,FALSE,FALSE,FALSE
149.84092023492713,-35.58558921951493,0,0,0.229746475815773,FALSE,FALSE,FALSE
149.88966384328288,-35.58558921951493,0,0,0.22915327548980713,FALSE,FALSE,FALSE
149.54845858479268,-35.63433282787067,0,0,0.21507468819618225,FALSE,FALSE,FALSE
149.5972021931484,-35.63433282787067,0,0,0.22258777916431427,FALSE,FALSE,FALSE
149.64594580150415,-35.63433282787067,0,0,0.23019221425056458,FALSE,FALSE,FALSE
149.6946894098599,-35.63433282787067,0,0,0.23417027294635773,FALSE,FALSE,FALSE
149.74343301821565,-35.63433282787067,0,0,0.23435504734516144,FALSE,FALSE,FALSE
149.7921766265714,-35.63433282787067,0,0,0.23271779716014862,FALSE,FALSE,FALSE
149.84092023492713,-35.63433282787067,0,0,0.23131310939788818,FALSE,FALSE,FALSE
149.6946894098599,-35.683076436226415,0,0,0.23700647056102753,FALSE,FALSE,FALSE
149.74343301821565,-35.683076436226415,0,0,0.23646500706672668,FALSE,FALSE,FALSE
149.84092023492713,-35.683076436226415,0,0,0.23403845727443695,FALSE,FALSE,FALSE
142.6268661982771,-37.04789747018724,0.28591054677963257,0.28591054677963257,0.28591054677963257,TRUE,TRUE,FALSE
142.57812258992135,-37.19412829525446,0.1494331955909729,0.1494331955909729,0.2988663911819458,TRUE,TRUE,FALSE
142.52937898156563,-37.24287190361021,0.151929572224617,0.151929572224617,0.303859144449234,TRUE,TRUE,FALSE
144.47912331579536,-37.389102728677436,0.0655011311173439,0.0655011311173439,0.1310022622346878,FALSE,FALSE,FALSE
144.57661053250683,-37.389102728677436,0.06326395273208618,0.06326395273208618,0.12652790546417236,FALSE,FALSE,FALSE
147.4524834254957,-37.73030798716764,0.29106980562210083,0.29106980562210083,0.29106980562210083,TRUE,TRUE,FALSE
146.5263548667366,-38.461462112503796,0.09187471866607666,0.09187471866607666,0.18374943733215332,FALSE,FALSE,FALSE
146.57509847509232,-38.461462112503796,0.09187471866607666,0.09187471866607666,0.18374943733215332,FALSE,FALSE,FALSE
146.72132930015954,-38.461462112503796,0.1828533262014389,0.1828533262014389,0.1828533262014389,TRUE,TRUE,FALSE
143.55299475703623,-38.75392376263825,0.12145156413316727,0.12145156413316727,0.24290312826633453,FALSE,TRUE,FALSE
147.16002177536126,-41.43482222220415,0.1706998199224472,0.1706998199224472,0.1706998199224472,TRUE,TRUE,FALSE
146.38012404166935,-42.31220717260753,0.3024946451187134,0.3024946451187134,0.3024946451187134,TRUE,TRUE,FALSE
146.4288676500251,-42.31220717260753,0.3024946451187134,0.3024946451187134,0.3024946451187134,TRUE,TRUE,FALSE
